case_id,subject_group_id,split
RJPD_000,RJPD_000,train
RJPD_001,RJPD_001,val
RJPD_002,RJPD_002,internal_test
RJPD_003,RJPD_003,challenge_test
RJPD_004,RJPD_004,train
RJPD_005,RJPD_005,internal_test
RJPD_006,RJPD_006,internal_test
RJPD_007,RJPD_007,challenge_test
RJPD_008,RJPD_008,train
RJPD_009,RJPD_009,challenge_test
RJPD_010,RJPD_010,internal_test
RJPD_011,RJPD_011,internal_test
RJPD_012,RJPD_012,train
RJPD_013,RJPD_013,internal_test
RJPD_014,RJPD_014,challenge_test
RJPD_015,RJPD_015,challenge_test
RJPD_016,RJPD_016,train
RJPD_017,RJPD_017,internal_test
RJPD_018,RJPD_018,train
RJPD_019,RJPD_019,train
RJPD_020,RJPD_020,challenge_test
RJPD_021,RJPD_021,challenge_test
RJPD_022,RJPD_022,internal_test
RJPD_023,RJPD_023,train
RJPD_024,RJPD_024,val
RJPD_025,RJPD_025,challenge_test
RJPD_026,RJPD_026,challenge_test
RJPD_027,RJPD_027,internal_test
RJPD_028,RJPD_028,val
RJPD_029,RJPD_029,train
RJPD_030,RJPD_030,challenge_test
RJPD_031,RJPD_031,train
RJPD_032,RJPD_032,train
RJPD_033,RJPD_033,internal_test
RJPD_034,RJPD_034,challenge_test
RJPD_035,RJPD_035,internal_test
RJPD_036,RJPD_036,internal_test
RJPD_037,RJPD_037,challenge_test
RJPD_038,RJPD_038,challenge_test
RJPD_039,RJPD_039,train
RJPD_040,RJPD_040,challenge_test
RJPD_041,RJPD_041,internal_test
RJPD_042,RJPD_042,challenge_test
RJPD_043,RJPD_043,val
RJPD_044,RJPD_044,internal_test
RJPD_045,RJPD_045,internal_test
RJPD_046,RJPD_046,challenge_test
RJPD_047,RJPD_047,challenge_test
RJPD_048,RJPD_048,challenge_test
RJPD_049,RJPD_049,challenge_test
RJPD_050,RJPD_050,internal_test
RJPD_051,RJPD_051,train
RJPD_052,RJPD_052,challenge_test
RJPD_053,RJPD_053,challenge_test
RJPD_054,RJPD_054,train
RJPD_055,RJPD_055,train
RJPD_056,RJPD_056,challenge_test
RJPD_057,RJPD_057,train
RJPD_058,RJPD_058,train
RJPD_059,RJPD_059,internal_test
RJPD_060,RJPD_060,train
RJPD_061,RJPD_061,internal_test
RJPD_062,RJPD_062,challenge_test
RJPD_063,RJPD_063,challenge_test
RJPD_064,RJPD_064,train
RJPD_065,RJPD_065,challenge_test
RJPD_066,RJPD_066,internal_test
RJPD_067,RJPD_067,challenge_test
RJPD_068,RJPD_068,challenge_test
RJPD_069,RJPD_069,challenge_test
RJPD_070,RJPD_070,internal_test
RJPD_071,RJPD_071,train
RJPD_072,RJPD_072,internal_test
RJPD_073,RJPD_073,train
RJPD_074,RJPD_074,train
RJPD_075,RJPD_075,train
RJPD_076,RJPD_076,challenge_test
RJPD_077,RJPD_077,train
RJPD_078,RJPD_078,challenge_test
RJPD_079,RJPD_079,internal_test
RJPD_080,RJPD_080,challenge_test
RJPD_081,RJPD_081,train
RJPD_082,RJPD_082,train
RJPD_083,RJPD_083,train
RJPD_084,RJPD_084,challenge_test
RJPD_085,RJPD_085,train
RJPD_086,RJPD_086,train
RJPD_087,RJPD_087,train
RJPD_088,RJPD_088,challenge_test
RJPD_089,RJPD_089,challenge_test
RJPD_090,RJPD_090,train
RJPD_091,RJPD_091,challenge_test
RJPD_092,RJPD_092,train
RJPD_093,RJPD_093,train
RJPD_094,RJPD_094,train
RJPD_095,RJPD_095,challenge_test
RJPD_096,RJPD_096,val
RJPD_097,RJPD_097,challenge_test
RJPD_098,RJPD_098,challenge_test
RJPD_099,RJPD_099,train
RJPD_100,RJPD_100,train
RJPD_101,RJPD_101,challenge_test
RJPD_102,RJPD_102,challenge_test
RJPD_103,RJPD_103,challenge_test
RJPD_104,RJPD_104,internal_test
RJPD_105,RJPD_105,train
RJPD_106,RJPD_106,challenge_test
RJPD_107,RJPD_107,val
RJPD_108,RJPD_108,train
RJPD_109,RJPD_109,internal_test
RJPD_110,RJPD_110,val
RJPD_111,RJPD_111,val
RJPD_112,RJPD_112,challenge_test
RJPD_113,RJPD_113,train
RJPD_114,RJPD_114,internal_test
RJPD_115,RJPD_115,challenge_test
RJPD_116,RJPD_116,challenge_test
RJPD_117,RJPD_117,internal_test
RJPD_118,RJPD_118,challenge_test
RJPD_119,RJPD_119,train
RJPD_120,RJPD_120,train
RJPD_121,RJPD_121,challenge_test
RJPD_122,RJPD_122,train
RJPD_123,RJPD_123,challenge_test
RJPD_124,RJPD_124,challenge_test
RJPD_125,RJPD_125,challenge_test
RJPD_126,RJPD_126,challenge_test
RJPD_127,RJPD_127,train
RJPD_128,RJPD_128,challenge_test
RJPD_129,RJPD_129,train
RJPD_130,RJPD_130,internal_test
RJPD_131,RJPD_131,challenge_test
RJPD_132,RJPD_132,train
RJPD_133,RJPD_133,internal_test
RJPD_134,RJPD_134,internal_test
RJPD_135,RJPD_135,challenge_test
RJPD_136,RJPD_136,excluded
RJPD_137,RJPD_137,challenge_test
RJPD_138,RJPD_138,train
RJPD_139,RJPD_139,val
RJPD_140,RJPD_140,challenge_test
RJPD_141,RJPD_141,val
RJPD_142,RJPD_142,challenge_test
RJPD_143,RJPD_143,challenge_test
RJPD_144,RJPD_144,internal_test
RJPD_145,RJPD_145,challenge_test
RJPD_146,RJPD_146,internal_test
RJPD_147,RJPD_147,train
RJPD_148,RJPD_148,challenge_test
RJPD_149,RJPD_149,challenge_test
RJPD_150,RJPD_150,internal_test
RJPD_151,RJPD_151,train
RJPD_152,RJPD_152,challenge_test
RJPD_153,RJPD_153,internal_test
RJPD_154,RJPD_154,challenge_test
RJPD_155,RJPD_155,val
RJPD_156,RJPD_156,challenge_test
RJPD_157,RJPD_136,train
RJPD_158,RJPD_158,train
RJPD_159,RJPD_159,val
RJPD_160,RJPD_160,train
RJPD_161,RJPD_161,challenge_test
RJPD_162,RJPD_162,val
RJPD_163,RJPD_163,train
RJPD_164,RJPD_164,challenge_test
RJPD_165,RJPD_165,challenge_test
RJPD_166,RJPD_166,challenge_test
RJPD_167,RJPD_167,challenge_test
RJPD_168,RJPD_168,challenge_test
RJPD_169,RJPD_169,train
RJPD_170,RJPD_170,challenge_test
RJPD_171,RJPD_171,internal_test
RJPD_172,RJPD_172,val
RJPD_173,RJPD_173,challenge_test
RJPD_174,RJPD_174,train
RJPD_175,RJPD_175,train
RJPD_176,RJPD_176,challenge_test
RJPD_177,RJPD_177,challenge_test
RJPD_178,RJPD_178,train
RJPD_179,RJPD_179,challenge_test
RJPD_180,RJPD_180,train
RJPD_181,RJPD_181,internal_test
RJPD_182,RJPD_182,internal_test
RJPD_183,RJPD_183,internal_test
RJPD_184,RJPD_184,train
RJPD_185,RJPD_185,internal_test
RJPD_186,RJPD_186,train
RJPD_187,RJPD_187,challenge_test
RJPD_188,RJPD_188,challenge_test
RJPD_189,RJPD_189,challenge_test
RJPD_190,RJPD_190,challenge_test
RJPD_191,RJPD_191,internal_test
RJPD_192,RJPD_192,internal_test
RJPD_193,RJPD_193,challenge_test
RJPD_194,RJPD_194,train
RJPD_195,RJPD_195,train
RJPD_196,RJPD_196,val
RJPD_197,RJPD_197,challenge_test
RJPD_198,RJPD_198,train
RJPD_199,RJPD_199,challenge_test
RJPD_200,RJPD_200,train
RJPD_201,RJPD_201,train
RJPD_202,RJPD_202,challenge_test
RJPD_203,RJPD_203,challenge_test
RJPD_204,RJPD_204,challenge_test
RJPD_205,RJPD_205,challenge_test
RJPD_206,RJPD_206,internal_test
RJPD_207,RJPD_207,val
RJPD_208,RJPD_208,challenge_test
RJPD_209,RJPD_209,internal_test
RJPD_210,RJPD_210,challenge_test
RJPD_211,RJPD_211,internal_test
RJPD_212,RJPD_212,challenge_test
RJPD_213,RJPD_213,val
RJPD_214,RJPD_214,challenge_test
RJPD_215,RJPD_215,internal_test
RJPD_216,RJPD_216,train
RJPD_217,RJPD_217,train
RJPD_218,RJPD_218,train
RJPD_219,RJPD_219,internal_test
RJPD_220,RJPD_220,internal_test
RJPD_221,RJPD_221,internal_test
RJPD_222,RJPD_222,train
RJPD_223,RJPD_223,train
RJPD_224,RJPD_224,challenge_test
RJPD_225,RJPD_225,challenge_test
RJPD_226,RJPD_226,challenge_test
RJPD_227,RJPD_227,train
RJPD_228,RJPD_228,train
RJPD_229,RJPD_229,internal_test
RJPD_230,RJPD_230,challenge_test
RJPD_231,RJPD_231,challenge_test
RJPD_232,RJPD_232,train
RJPD_233,RJPD_233,val
RJPD_234,RJPD_234,train
RJPD_235,RJPD_235,train
RJPD_236,RJPD_236,train
RJPD_237,RJPD_237,train
RJPD_238,RJPD_238,val
RJPD_239,RJPD_239,train
RJPD_240,RJPD_240,val
RJPD_241,RJPD_241,challenge_test
RJPD_242,RJPD_228,train
RJPD_243,RJPD_243,internal_test
RJPD_244,RJPD_244,challenge_test
RJPD_245,RJPD_245,challenge_test
RJPD_246,RJPD_246,challenge_test
RJPD_247,RJPD_247,challenge_test
RJPD_248,RJPD_248,internal_test
RJPD_249,RJPD_249,challenge_test
RJPD_250,RJPD_250,train
RJPD_251,RJPD_251,challenge_test
RJPD_252,RJPD_252,train
RJPD_253,RJPD_253,internal_test
RJPD_254,RJPD_254,challenge_test
RJPD_255,RJPD_255,challenge_test
RJPD_256,RJPD_256,val
RJPD_257,RJPD_257,train
RJPD_258,RJPD_258,challenge_test
RJPD_259,RJPD_259,challenge_test
RJPD_260,RJPD_260,challenge_test
RJPD_261,RJPD_261,val
RJPD_262,RJPD_262,internal_test
RJPD_263,RJPD_263,challenge_test
RJPD_264,RJPD_264,challenge_test
RJPD_265,RJPD_265,train
RJPD_266,RJPD_266,challenge_test
RJPD_267,RJPD_267,challenge_test
RJPD_268,RJPD_268,challenge_test
RJPD_269,RJPD_269,train
RJPD_270,RJPD_270,internal_test
RJPD_271,RJPD_271,challenge_test
RJPD_272,RJPD_272,train
RJPD_273,RJPD_273,challenge_test
RJPD_274,RJPD_274,train
RJPD_275,RJPD_275,train
RJPD_276,RJPD_276,train
RJPD_277,RJPD_277,internal_test
RJPD_278,RJPD_278,challenge_test
RJPD_279,RJPD_279,train
RJPD_280,RJPD_280,internal_test
RJPD_281,RJPD_281,internal_test
RJPD_282,RJPD_282,train
RJPD_283,RJPD_283,train
RJPD_284,RJPD_284,internal_test
RJPD_285,RJPD_285,train
RJPD_286,RJPD_286,challenge_test
RJPD_287,RJPD_287,train
RJPD_288,RJPD_288,challenge_test
RJPD_289,RJPD_289,challenge_test
RJPD_290,RJPD_290,train
RJPD_291,RJPD_291,challenge_test
RJPD_292,RJPD_292,challenge_test
RJPD_293,RJPD_293,challenge_test
RJPD_294,RJPD_294,val
RJPD_295,RJPD_295,internal_test
RJPD_296,RJPD_296,val
RJPD_297,RJPD_297,challenge_test
RJPD_298,RJPD_298,internal_test
RJPD_299,RJPD_299,train
RJPD_300,RJPD_300,challenge_test
RJPD_301,RJPD_301,internal_test
RJPD_302,RJPD_302,train
RJPD_303,RJPD_303,train
RJPD_304,RJPD_304,train
RJPD_305,RJPD_305,train
RJPD_306,RJPD_306,train
RJPD_307,RJPD_307,challenge_test
RJPD_308,RJPD_308,challenge_test
RJPD_309,RJPD_309,internal_test
RJPD_310,RJPD_310,challenge_test
RJPD_311,RJPD_311,challenge_test
RJPD_312,RJPD_312,train
RJPD_313,RJPD_313,internal_test
RJPD_314,RJPD_314,internal_test
RJPD_315,RJPD_315,val
RJPD_316,RJPD_316,challenge_test
RJPD_317,RJPD_317,val
RJPD_318,RJPD_318,challenge_test
RJPD_319,RJPD_319,challenge_test
RJPD_320,RJPD_320,val
RJPD_321,RJPD_321,challenge_test
RJPD_322,RJPD_322,challenge_test
RJPD_323,RJPD_323,train
RJPD_324,RJPD_324,internal_test
RJPD_325,RJPD_325,challenge_test
RJPD_326,RJPD_326,challenge_test
RJPD_327,RJPD_327,train
RJPD_328,RJPD_328,internal_test
RJPD_329,RJPD_329,challenge_test
RJPD_330,RJPD_330,challenge_test
RJPD_331,RJPD_331,internal_test
RJPD_332,RJPD_332,train
RJPD_333,RJPD_333,internal_test
RJPD_334,RJPD_334,challenge_test
RJPD_335,RJPD_335,challenge_test
RJPD_336,RJPD_336,val
RJPD_337,RJPD_337,train
RJPD_338,RJPD_338,excluded
RJPD_339,RJPD_339,challenge_test
RJPD_340,RJPD_340,train
RJPD_341,RJPD_341,challenge_test
RJPD_342,RJPD_342,train
RJPD_343,RJPD_343,train
RJPD_344,RJPD_344,challenge_test
RJPD_345,RJPD_345,train
RJPD_346,RJPD_346,challenge_test
RJPD_347,RJPD_347,train
RJPD_348,RJPD_348,challenge_test
RJPD_349,RJPD_349,val
RJPD_350,RJPD_350,train
RJPD_351,RJPD_351,internal_test
RJPD_352,RJPD_352,internal_test
RJPD_353,RJPD_353,internal_test
RJPD_354,RJPD_354,challenge_test
RJPD_355,RJPD_355,internal_test
RJPD_356,RJPD_356,train
RJPD_357,RJPD_357,challenge_test
RJPD_358,RJPD_358,train
RJPD_359,RJPD_359,internal_test
RJPD_360,RJPD_360,challenge_test
RJPD_361,RJPD_361,challenge_test
RJPD_362,RJPD_362,challenge_test
RJPD_363,RJPD_363,val
RJPD_364,RJPD_364,train
RJPD_365,RJPD_365,val
RJPD_366,RJPD_366,internal_test
RJPD_367,RJPD_367,challenge_test
RJPD_368,RJPD_368,train
RJPD_369,RJPD_369,internal_test
RJPD_370,RJPD_370,challenge_test
RJPD_371,RJPD_371,internal_test
RJPD_372,RJPD_372,internal_test
RJPD_373,RJPD_373,internal_test
RJPD_374,RJPD_338,internal_test
RJPD_375,RJPD_375,train
RJPD_376,RJPD_376,challenge_test
RJPD_377,RJPD_377,train
RJPD_378,RJPD_378,internal_test
RJPD_379,RJPD_379,train
RJPD_380,RJPD_380,challenge_test
RJPD_381,RJPD_381,train
RJPD_382,RJPD_382,train
RJPD_383,RJPD_383,challenge_test
RJPD_384,RJPD_384,internal_test
RJPD_385,RJPD_385,train
RJPD_386,RJPD_386,challenge_test
RJPD_387,RJPD_387,challenge_test
RJPD_388,RJPD_388,internal_test
RJPD_389,RJPD_389,internal_test
RJPD_390,RJPD_390,challenge_test
RJPD_391,RJPD_391,challenge_test
RJPD_392,RJPD_392,val
RJPD_393,RJPD_393,train
RJPD_394,RJPD_394,challenge_test
RJPD_395,RJPD_395,challenge_test
RJPD_396,RJPD_396,challenge_test
RJPD_397,RJPD_397,internal_test
RJPD_398,RJPD_398,internal_test
RJPD_399,RJPD_399,challenge_test
RJPD_400,RJPD_400,challenge_test
RJPD_401,RJPD_401,train
RJPD_402,RJPD_402,challenge_test
RJPD_403,RJPD_403,challenge_test
RJPD_404,RJPD_404,challenge_test
RJPD_405,RJPD_405,train
RJPD_406,RJPD_406,train
RJPD_407,RJPD_407,val
RJPD_408,RJPD_408,train
RJPD_409,RJPD_409,train
RJPD_410,RJPD_410,train
RJPD_411,RJPD_411,val
RJPD_412,RJPD_412,challenge_test
RJPD_413,RJPD_413,train
RJPD_414,RJPD_414,challenge_test
RJPD_415,RJPD_415,train
RJPD_416,RJPD_416,train
RJPD_417,RJPD_417,challenge_test
RJPD_418,RJPD_418,train
RJPD_419,RJPD_419,challenge_test
RJPD_420,RJPD_420,train
RJPD_421,RJPD_421,val
RJPD_422,RJPD_422,challenge_test
RJPD_423,RJPD_423,challenge_test
RJPD_424,RJPD_424,challenge_test
RJPD_425,RJPD_425,challenge_test
RJPD_426,RJPD_426,challenge_test
RJPD_427,RJPD_427,train
RJPD_428,RJPD_428,val
RJPD_429,RJPD_429,train
RJPD_430,RJPD_430,internal_test
RJPD_431,RJPD_431,challenge_test
RJPD_432,RJPD_432,train
RJPD_433,RJPD_433,challenge_test
RJPD_434,RJPD_434,challenge_test
RJPD_435,RJPD_435,challenge_test
RJPD_436,RJPD_436,challenge_test
RJPD_437,RJPD_437,train
RJPD_438,RJPD_438,challenge_test
RJPD_439,RJPD_439,train
RJPD_440,RJPD_440,internal_test
RJPD_441,RJPD_441,train
RJPD_442,RJPD_442,internal_test
RJPD_443,RJPD_443,internal_test
RJPD_444,RJPD_444,train
RJPD_445,RJPD_445,train
RJPD_446,RJPD_446,train
RJPD_447,RJPD_446,train
RJPD_448,RJPD_448,challenge_test
RJPD_449,RJPD_449,val
RJPD_450,RJPD_450,challenge_test
RJPD_451,RJPD_451,challenge_test
RJPD_452,RJPD_452,train
RJPD_453,RJPD_453,challenge_test
RJPD_454,RJPD_454,train
RJPD_455,RJPD_455,internal_test
RJPD_456,RJPD_456,challenge_test
RJPD_457,RJPD_457,train
RJPD_458,RJPD_458,internal_test
RJPD_459,RJPD_459,internal_test
RJPD_460,RJPD_460,challenge_test
RJPD_461,RJPD_461,internal_test
RJPD_462,RJPD_462,train
RJPD_463,RJPD_463,challenge_test
RJPD_464,RJPD_464,challenge_test
RJPD_465,RJPD_465,internal_test
RJPD_466,RJPD_466,train
RJPD_467,RJPD_467,internal_test
RJPD_468,RJPD_468,val
RJPD_469,RJPD_469,train
RJPD_470,RJPD_470,challenge_test
RJPD_471,RJPD_471,train
RJPD_472,RJPD_472,challenge_test
RJPD_473,RJPD_473,internal_test
RJPD_474,RJPD_474,challenge_test
RJPD_475,RJPD_475,train
RJPD_476,RJPD_476,train
RJPD_477,RJPD_477,internal_test
RJPD_478,RJPD_478,train
RJPD_479,RJPD_479,train
RJPD_480,RJPD_480,train
RJPD_481,RJPD_481,challenge_test
RJPD_482,RJPD_482,challenge_test
RJPD_483,RJPD_483,train
RJPD_484,RJPD_484,internal_test
RJPD_485,RJPD_485,challenge_test
RJPD_486,RJPD_486,train
RJPD_487,RJPD_487,challenge_test
RJPD_488,RJPD_488,train
RJPD_489,RJPD_489,challenge_test
RJPD_490,RJPD_490,train
RJPD_491,RJPD_491,internal_test
RJPD_492,RJPD_492,train
RJPD_493,RJPD_493,train
RJPD_494,RJPD_494,internal_test
RJPD_495,RJPD_495,challenge_test
RJPD_496,RJPD_496,train
RJPD_497,RJPD_497,challenge_test
RJPD_498,RJPD_498,internal_test
RJPD_499,RJPD_499,challenge_test
