case_id,split,group,T1_path,QSM_path,NM_path,label_path
RJPD_000,train,0,processed/images/RJPD_000_T1.nii.gz,processed/images/RJPD_000_QSM.nii.gz,processed/images/RJPD_000_NM.nii.gz,processed/labels/RJPD_000_label.nii.gz
RJPD_004,train,0,processed/images/RJPD_004_T1.nii.gz,processed/images/RJPD_004_QSM.nii.gz,processed/images/RJPD_004_NM.nii.gz,processed/labels/RJPD_004_label.nii.gz
RJPD_008,train,0,processed/images/RJPD_008_T1.nii.gz,processed/images/RJPD_008_QSM.nii.gz,processed/images/RJPD_008_NM.nii.gz,processed/labels/RJPD_008_label.nii.gz
RJPD_012,train,0,processed/images/RJPD_012_T1.nii.gz,processed/images/RJPD_012_QSM.nii.gz,processed/images/RJPD_012_NM.nii.gz,processed/labels/RJPD_012_label.nii.gz
RJPD_016,train,0,processed/images/RJPD_016_T1.nii.gz,processed/images/RJPD_016_QSM.nii.gz,processed/images/RJPD_016_NM.nii.gz,processed/labels/RJPD_016_label.nii.gz
RJPD_018,train,0,processed/images/RJPD_018_T1.nii.gz,processed/images/RJPD_018_QSM.nii.gz,processed/images/RJPD_018_NM.nii.gz,processed/labels/RJPD_018_label.nii.gz
RJPD_019,train,0,processed/images/RJPD_019_T1.nii.gz,processed/images/RJPD_019_QSM.nii.gz,processed/images/RJPD_019_NM.nii.gz,processed/labels/RJPD_019_label.nii.gz
RJPD_023,train,0,processed/images/RJPD_023_T1.nii.gz,processed/images/RJPD_023_QSM.nii.gz,processed/images/RJPD_023_NM.nii.gz,processed/labels/RJPD_023_label.nii.gz
RJPD_029,train,0,processed/images/RJPD_029_T1.nii.gz,processed/images/RJPD_029_QSM.nii.gz,processed/images/RJPD_029_NM.nii.gz,processed/labels/RJPD_029_label.nii.gz
RJPD_031,train,0,processed/images/RJPD_031_T1.nii.gz,processed/images/RJPD_031_QSM.nii.gz,processed/images/RJPD_031_NM.nii.gz,processed/labels/RJPD_031_label.nii.gz
RJPD_032,train,0,processed/images/RJPD_032_T1.nii.gz,processed/images/RJPD_032_QSM.nii.gz,processed/images/RJPD_032_NM.nii.gz,processed/labels/RJPD_032_label.nii.gz
RJPD_039,train,0,processed/images/RJPD_039_T1.nii.gz,processed/images/RJPD_039_QSM.nii.gz,processed/images/RJPD_039_NM.nii.gz,processed/labels/RJPD_039_label.nii.gz
RJPD_051,train,0,processed/images/RJPD_051_T1.nii.gz,processed/images/RJPD_051_QSM.nii.gz,processed/images/RJPD_051_NM.nii.gz,processed/labels/RJPD_051_label.nii.gz
RJPD_054,train,0,processed/images/RJPD_054_T1.nii.gz,processed/images/RJPD_054_QSM.nii.gz,processed/images/RJPD_054_NM.nii.gz,processed/labels/RJPD_054_label.nii.gz
RJPD_055,train,0,processed/images/RJPD_055_T1.nii.gz,processed/images/RJPD_055_QSM.nii.gz,processed/images/RJPD_055_NM.nii.gz,processed/labels/RJPD_055_label.nii.gz
RJPD_057,train,1,processed/images/RJPD_057_T1.nii.gz,processed/images/RJPD_057_QSM.nii.gz,processed/images/RJPD_057_NM.nii.gz,processed/labels/RJPD_057_label.nii.gz
RJPD_058,train,0,processed/images/RJPD_058_T1.nii.gz,processed/images/RJPD_058_QSM.nii.gz,processed/images/RJPD_058_NM.nii.gz,processed/labels/RJPD_058_label.nii.gz
RJPD_060,train,0,processed/images/RJPD_060_T1.nii.gz,processed/images/RJPD_060_QSM.nii.gz,processed/images/RJPD_060_NM.nii.gz,processed/labels/RJPD_060_label.nii.gz
RJPD_064,train,0,processed/images/RJPD_064_T1.nii.gz,processed/images/RJPD_064_QSM.nii.gz,processed/images/RJPD_064_NM.nii.gz,processed/labels/RJPD_064_label.nii.gz
RJPD_071,train,0,processed/images/RJPD_071_T1.nii.gz,processed/images/RJPD_071_QSM.nii.gz,processed/images/RJPD_071_NM.nii.gz,processed/labels/RJPD_071_label.nii.gz
RJPD_073,train,0,processed/images/RJPD_073_T1.nii.gz,processed/images/RJPD_073_QSM.nii.gz,processed/images/RJPD_073_NM.nii.gz,processed/labels/RJPD_073_label.nii.gz
RJPD_074,train,0,processed/images/RJPD_074_T1.nii.gz,processed/images/RJPD_074_QSM.nii.gz,processed/images/RJPD_074_NM.nii.gz,processed/labels/RJPD_074_label.nii.gz
RJPD_075,train,0,processed/images/RJPD_075_T1.nii.gz,processed/images/RJPD_075_QSM.nii.gz,processed/images/RJPD_075_NM.nii.gz,processed/labels/RJPD_075_label.nii.gz
RJPD_077,train,0,processed/images/RJPD_077_T1.nii.gz,processed/images/RJPD_077_QSM.nii.gz,processed/images/RJPD_077_NM.nii.gz,processed/labels/RJPD_077_label.nii.gz
RJPD_081,train,0,processed/images/RJPD_081_T1.nii.gz,processed/images/RJPD_081_QSM.nii.gz,processed/images/RJPD_081_NM.nii.gz,processed/labels/RJPD_081_label.nii.gz
RJPD_082,train,0,processed/images/RJPD_082_T1.nii.gz,processed/images/RJPD_082_QSM.nii.gz,processed/images/RJPD_082_NM.nii.gz,processed/labels/RJPD_082_label.nii.gz
RJPD_083,train,0,processed/images/RJPD_083_T1.nii.gz,processed/images/RJPD_083_QSM.nii.gz,processed/images/RJPD_083_NM.nii.gz,processed/labels/RJPD_083_label.nii.gz
RJPD_085,train,0,processed/images/RJPD_085_T1.nii.gz,processed/images/RJPD_085_QSM.nii.gz,processed/images/RJPD_085_NM.nii.gz,processed/labels/RJPD_085_label.nii.gz
RJPD_086,train,0,processed/images/RJPD_086_T1.nii.gz,processed/images/RJPD_086_QSM.nii.gz,processed/images/RJPD_086_NM.nii.gz,processed/labels/RJPD_086_label.nii.gz
RJPD_087,train,0,processed/images/RJPD_087_T1.nii.gz,processed/images/RJPD_087_QSM.nii.gz,processed/images/RJPD_087_NM.nii.gz,processed/labels/RJPD_087_label.nii.gz
RJPD_090,train,0,processed/images/RJPD_090_T1.nii.gz,processed/images/RJPD_090_QSM.nii.gz,processed/images/RJPD_090_NM.nii.gz,processed/labels/RJPD_090_label.nii.gz
RJPD_092,train,0,processed/images/RJPD_092_T1.nii.gz,processed/images/RJPD_092_QSM.nii.gz,processed/images/RJPD_092_NM.nii.gz,processed/labels/RJPD_092_label.nii.gz
RJPD_093,train,0,processed/images/RJPD_093_T1.nii.gz,processed/images/RJPD_093_QSM.nii.gz,processed/images/RJPD_093_NM.nii.gz,processed/labels/RJPD_093_label.nii.gz
RJPD_094,train,0,processed/images/RJPD_094_T1.nii.gz,processed/images/RJPD_094_QSM.nii.gz,processed/images/RJPD_094_NM.nii.gz,processed/labels/RJPD_094_label.nii.gz
RJPD_099,train,0,processed/images/RJPD_099_T1.nii.gz,processed/images/RJPD_099_QSM.nii.gz,processed/images/RJPD_099_NM.nii.gz,processed/labels/RJPD_099_label.nii.gz
RJPD_100,train,0,processed/images/RJPD_100_T1.nii.gz,processed/images/RJPD_100_QSM.nii.gz,processed/images/RJPD_100_NM.nii.gz,processed/labels/RJPD_100_label.nii.gz
RJPD_105,train,1,processed/images/RJPD_105_T1.nii.gz,processed/images/RJPD_105_QSM.nii.gz,processed/images/RJPD_105_NM.nii.gz,processed/labels/RJPD_105_label.nii.gz
RJPD_108,train,1,processed/images/RJPD_108_T1.nii.gz,processed/images/RJPD_108_QSM.nii.gz,processed/images/RJPD_108_NM.nii.gz,processed/labels/RJPD_108_label.nii.gz
RJPD_113,train,1,processed/images/RJPD_113_T1.nii.gz,processed/images/RJPD_113_QSM.nii.gz,processed/images/RJPD_113_NM.nii.gz,processed/labels/RJPD_113_label.nii.gz
RJPD_119,train,1,processed/images/RJPD_119_T1.nii.gz,processed/images/RJPD_119_QSM.nii.gz,processed/images/RJPD_119_NM.nii.gz,processed/labels/RJPD_119_label.nii.gz
RJPD_120,train,1,processed/images/RJPD_120_T1.nii.gz,processed/images/RJPD_120_QSM.nii.gz,processed/images/RJPD_120_NM.nii.gz,processed/labels/RJPD_120_label.nii.gz
RJPD_122,train,1,processed/images/RJPD_122_T1.nii.gz,processed/images/RJPD_122_QSM.nii.gz,processed/images/RJPD_122_NM.nii.gz,processed/labels/RJPD_122_label.nii.gz
RJPD_127,train,1,processed/images/RJPD_127_T1.nii.gz,processed/images/RJPD_127_QSM.nii.gz,processed/images/RJPD_127_NM.nii.gz,processed/labels/RJPD_127_label.nii.gz
RJPD_129,train,1,processed/images/RJPD_129_T1.nii.gz,processed/images/RJPD_129_QSM.nii.gz,processed/images/RJPD_129_NM.nii.gz,processed/labels/RJPD_129_label.nii.gz
RJPD_132,train,1,processed/images/RJPD_132_T1.nii.gz,processed/images/RJPD_132_QSM.nii.gz,processed/images/RJPD_132_NM.nii.gz,processed/labels/RJPD_132_label.nii.gz
RJPD_138,train,0,processed/images/RJPD_138_T1.nii.gz,processed/images/RJPD_138_QSM.nii.gz,processed/images/RJPD_138_NM.nii.gz,processed/labels/RJPD_138_label.nii.gz
RJPD_147,train,0,processed/images/RJPD_147_T1.nii.gz,processed/images/RJPD_147_QSM.nii.gz,processed/images/RJPD_147_NM.nii.gz,processed/labels/RJPD_147_label.nii.gz
RJPD_151,train,0,processed/images/RJPD_151_T1.nii.gz,processed/images/RJPD_151_QSM.nii.gz,processed/images/RJPD_151_NM.nii.gz,processed/labels/RJPD_151_label.nii.gz
RJPD_157,train,0,processed/images/RJPD_157_T1.nii.gz,processed/images/RJPD_157_QSM.nii.gz,processed/images/RJPD_157_NM.nii.gz,processed/labels/RJPD_157_label.nii.gz
RJPD_158,train,0,processed/images/RJPD_158_T1.nii.gz,processed/images/RJPD_158_QSM.nii.gz,processed/images/RJPD_158_NM.nii.gz,processed/labels/RJPD_158_label.nii.gz
RJPD_160,train,0,processed/images/RJPD_160_T1.nii.gz,processed/images/RJPD_160_QSM.nii.gz,processed/images/RJPD_160_NM.nii.gz,processed/labels/RJPD_160_label.nii.gz
RJPD_163,train,0,processed/images/RJPD_163_T1.nii.gz,processed/images/RJPD_163_QSM.nii.gz,processed/images/RJPD_163_NM.nii.gz,processed/labels/RJPD_163_label.nii.gz
RJPD_169,train,0,processed/images/RJPD_169_T1.nii.gz,processed/images/RJPD_169_QSM.nii.gz,processed/images/RJPD_169_NM.nii.gz,processed/labels/RJPD_169_label.nii.gz
RJPD_174,train,1,processed/images/RJPD_174_T1.nii.gz,processed/images/RJPD_174_QSM.nii.gz,processed/images/RJPD_174_NM.nii.gz,processed/labels/RJPD_174_label.nii.gz
RJPD_175,train,1,processed/images/RJPD_175_T1.nii.gz,processed/images/RJPD_175_QSM.nii.gz,processed/images/RJPD_175_NM.nii.gz,processed/labels/RJPD_175_label.nii.gz
RJPD_178,train,1,processed/images/RJPD_178_T1.nii.gz,processed/images/RJPD_178_QSM.nii.gz,processed/images/RJPD_178_NM.nii.gz,processed/labels/RJPD_178_label.nii.gz
RJPD_180,train,1,processed/images/RJPD_180_T1.nii.gz,processed/images/RJPD_180_QSM.nii.gz,processed/images/RJPD_180_NM.nii.gz,processed/labels/RJPD_180_label.nii.gz
RJPD_184,train,1,processed/images/RJPD_184_T1.nii.gz,processed/images/RJPD_184_QSM.nii.gz,processed/images/RJPD_184_NM.nii.gz,processed/labels/RJPD_184_label.nii.gz
RJPD_186,train,1,processed/images/RJPD_186_T1.nii.gz,processed/images/RJPD_186_QSM.nii.gz,processed/images/RJPD_186_NM.nii.gz,processed/labels/RJPD_186_label.nii.gz
RJPD_194,train,1,processed/images/RJPD_194_T1.nii.gz,processed/images/RJPD_194_QSM.nii.gz,processed/images/RJPD_194_NM.nii.gz,processed/labels/RJPD_194_label.nii.gz
RJPD_195,train,1,processed/images/RJPD_195_T1.nii.gz,processed/images/RJPD_195_QSM.nii.gz,processed/images/RJPD_195_NM.nii.gz,processed/labels/RJPD_195_label.nii.gz
RJPD_198,train,1,processed/images/RJPD_198_T1.nii.gz,processed/images/RJPD_198_QSM.nii.gz,processed/images/RJPD_198_NM.nii.gz,processed/labels/RJPD_198_label.nii.gz
RJPD_200,train,0,processed/images/RJPD_200_T1.nii.gz,processed/images/RJPD_200_QSM.nii.gz,processed/images/RJPD_200_NM.nii.gz,processed/labels/RJPD_200_label.nii.gz
RJPD_201,train,0,processed/images/RJPD_201_T1.nii.gz,processed/images/RJPD_201_QSM.nii.gz,processed/images/RJPD_201_NM.nii.gz,processed/labels/RJPD_201_label.nii.gz
RJPD_216,train,0,processed/images/RJPD_216_T1.nii.gz,processed/images/RJPD_216_QSM.nii.gz,processed/images/RJPD_216_NM.nii.gz,processed/labels/RJPD_216_label.nii.gz
RJPD_217,train,0,processed/images/RJPD_217_T1.nii.gz,processed/images/RJPD_217_QSM.nii.gz,processed/images/RJPD_217_NM.nii.gz,processed/labels/RJPD_217_label.nii.gz
RJPD_218,train,0,processed/images/RJPD_218_T1.nii.gz,processed/images/RJPD_218_QSM.nii.gz,processed/images/RJPD_218_NM.nii.gz,processed/labels/RJPD_218_label.nii.gz
RJPD_222,train,0,processed/images/RJPD_222_T1.nii.gz,processed/images/RJPD_222_QSM.nii.gz,processed/images/RJPD_222_NM.nii.gz,processed/labels/RJPD_222_label.nii.gz
RJPD_223,train,0,processed/images/RJPD_223_T1.nii.gz,processed/images/RJPD_223_QSM.nii.gz,processed/images/RJPD_223_NM.nii.gz,processed/labels/RJPD_223_label.nii.gz
RJPD_227,train,0,processed/images/RJPD_227_T1.nii.gz,processed/images/RJPD_227_QSM.nii.gz,processed/images/RJPD_227_NM.nii.gz,processed/labels/RJPD_227_label.nii.gz
RJPD_228,train,0,processed/images/RJPD_228_T1.nii.gz,processed/images/RJPD_228_QSM.nii.gz,processed/images/RJPD_228_NM.nii.gz,processed/labels/RJPD_228_label.nii.gz
RJPD_232,train,0,processed/images/RJPD_232_T1.nii.gz,processed/images/RJPD_232_QSM.nii.gz,processed/images/RJPD_232_NM.nii.gz,processed/labels/RJPD_232_label.nii.gz
RJPD_234,train,0,processed/images/RJPD_234_T1.nii.gz,processed/images/RJPD_234_QSM.nii.gz,processed/images/RJPD_234_NM.nii.gz,processed/labels/RJPD_234_label.nii.gz
RJPD_235,train,0,processed/images/RJPD_235_T1.nii.gz,processed/images/RJPD_235_QSM.nii.gz,processed/images/RJPD_235_NM.nii.gz,processed/labels/RJPD_235_label.nii.gz
RJPD_236,train,0,processed/images/RJPD_236_T1.nii.gz,processed/images/RJPD_236_QSM.nii.gz,processed/images/RJPD_236_NM.nii.gz,processed/labels/RJPD_236_label.nii.gz
RJPD_237,train,0,processed/images/RJPD_237_T1.nii.gz,processed/images/RJPD_237_QSM.nii.gz,processed/images/RJPD_237_NM.nii.gz,processed/labels/RJPD_237_label.nii.gz
RJPD_239,train,0,processed/images/RJPD_239_T1.nii.gz,processed/images/RJPD_239_QSM.nii.gz,processed/images/RJPD_239_NM.nii.gz,processed/labels/RJPD_239_label.nii.gz
RJPD_242,train,0,processed/images/RJPD_242_T1.nii.gz,processed/images/RJPD_242_QSM.nii.gz,processed/images/RJPD_242_NM.nii.gz,processed/labels/RJPD_242_label.nii.gz
RJPD_250,train,0,processed/images/RJPD_250_T1.nii.gz,processed/images/RJPD_250_QSM.nii.gz,processed/images/RJPD_250_NM.nii.gz,processed/labels/RJPD_250_label.nii.gz
RJPD_252,train,0,processed/images/RJPD_252_T1.nii.gz,processed/images/RJPD_252_QSM.nii.gz,processed/images/RJPD_252_NM.nii.gz,processed/labels/RJPD_252_label.nii.gz
RJPD_257,train,0,processed/images/RJPD_257_T1.nii.gz,processed/images/RJPD_257_QSM.nii.gz,processed/images/RJPD_257_NM.nii.gz,processed/labels/RJPD_257_label.nii.gz
RJPD_265,train,0,processed/images/RJPD_265_T1.nii.gz,processed/images/RJPD_265_QSM.nii.gz,processed/images/RJPD_265_NM.nii.gz,processed/labels/RJPD_265_label.nii.gz
RJPD_269,train,0,processed/images/RJPD_269_T1.nii.gz,processed/images/RJPD_269_QSM.nii.gz,processed/images/RJPD_269_NM.nii.gz,processed/labels/RJPD_269_label.nii.gz
RJPD_272,train,0,processed/images/RJPD_272_T1.nii.gz,processed/images/RJPD_272_QSM.nii.gz,processed/images/RJPD_272_NM.nii.gz,processed/labels/RJPD_272_label.nii.gz
RJPD_274,train,0,processed/images/RJPD_274_T1.nii.gz,processed/images/RJPD_274_QSM.nii.gz,processed/images/RJPD_274_NM.nii.gz,processed/labels/RJPD_274_label.nii.gz
RJPD_275,train,0,processed/images/RJPD_275_T1.nii.gz,processed/images/RJPD_275_QSM.nii.gz,processed/images/RJPD_275_NM.nii.gz,processed/labels/RJPD_275_label.nii.gz
RJPD_276,train,0,processed/images/RJPD_276_T1.nii.gz,processed/images/RJPD_276_QSM.nii.gz,processed/images/RJPD_276_NM.nii.gz,processed/labels/RJPD_276_label.nii.gz
RJPD_279,train,0,processed/images/RJPD_279_T1.nii.gz,processed/images/RJPD_279_QSM.nii.gz,processed/images/RJPD_279_NM.nii.gz,processed/labels/RJPD_279_label.nii.gz
RJPD_282,train,0,processed/images/RJPD_282_T1.nii.gz,processed/images/RJPD_282_QSM.nii.gz,processed/images/RJPD_282_NM.nii.gz,processed/labels/RJPD_282_label.nii.gz
RJPD_283,train,0,processed/images/RJPD_283_T1.nii.gz,processed/images/RJPD_283_QSM.nii.gz,processed/images/RJPD_283_NM.nii.gz,processed/labels/RJPD_283_label.nii.gz
RJPD_285,train,0,processed/images/RJPD_285_T1.nii.gz,processed/images/RJPD_285_QSM.nii.gz,processed/images/RJPD_285_NM.nii.gz,processed/labels/RJPD_285_label.nii.gz
RJPD_287,train,0,processed/images/RJPD_287_T1.nii.gz,processed/images/RJPD_287_QSM.nii.gz,processed/images/RJPD_287_NM.nii.gz,processed/labels/RJPD_287_label.nii.gz
RJPD_290,train,0,processed/images/RJPD_290_T1.nii.gz,processed/images/RJPD_290_QSM.nii.gz,processed/images/RJPD_290_NM.nii.gz,processed/labels/RJPD_290_label.nii.gz
RJPD_299,train,0,processed/images/RJPD_299_T1.nii.gz,processed/images/RJPD_299_QSM.nii.gz,processed/images/RJPD_299_NM.nii.gz,processed/labels/RJPD_299_label.nii.gz
RJPD_302,train,0,processed/images/RJPD_302_T1.nii.gz,processed/images/RJPD_302_QSM.nii.gz,processed/images/RJPD_302_NM.nii.gz,processed/labels/RJPD_302_label.nii.gz
RJPD_303,train,0,processed/images/RJPD_303_T1.nii.gz,processed/images/RJPD_303_QSM.nii.gz,processed/images/RJPD_303_NM.nii.gz,processed/labels/RJPD_303_label.nii.gz
RJPD_304,train,0,processed/images/RJPD_304_T1.nii.gz,processed/images/RJPD_304_QSM.nii.gz,processed/images/RJPD_304_NM.nii.gz,processed/labels/RJPD_304_label.nii.gz
RJPD_305,train,0,processed/images/RJPD_305_T1.nii.gz,processed/images/RJPD_305_QSM.nii.gz,processed/images/RJPD_305_NM.nii.gz,processed/labels/RJPD_305_label.nii.gz
RJPD_306,train,0,processed/images/RJPD_306_T1.nii.gz,processed/images/RJPD_306_QSM.nii.gz,processed/images/RJPD_306_NM.nii.gz,processed/labels/RJPD_306_label.nii.gz
RJPD_312,train,0,processed/images/RJPD_312_T1.nii.gz,processed/images/RJPD_312_QSM.nii.gz,processed/images/RJPD_312_NM.nii.gz,processed/labels/RJPD_312_label.nii.gz
RJPD_323,train,1,processed/images/RJPD_323_T1.nii.gz,processed/images/RJPD_323_QSM.nii.gz,processed/images/RJPD_323_NM.nii.gz,processed/labels/RJPD_323_label.nii.gz
RJPD_327,train,1,processed/images/RJPD_327_T1.nii.gz,processed/images/RJPD_327_QSM.nii.gz,processed/images/RJPD_327_NM.nii.gz,processed/labels/RJPD_327_label.nii.gz
RJPD_332,train,1,processed/images/RJPD_332_T1.nii.gz,processed/images/RJPD_332_QSM.nii.gz,processed/images/RJPD_332_NM.nii.gz,processed/labels/RJPD_332_label.nii.gz
RJPD_337,train,1,processed/images/RJPD_337_T1.nii.gz,processed/images/RJPD_337_QSM.nii.gz,processed/images/RJPD_337_NM.nii.gz,processed/labels/RJPD_337_label.nii.gz
RJPD_340,train,1,processed/images/RJPD_340_T1.nii.gz,processed/images/RJPD_340_QSM.nii.gz,processed/images/RJPD_340_NM.nii.gz,processed/labels/RJPD_340_label.nii.gz
RJPD_342,train,1,processed/images/RJPD_342_T1.nii.gz,processed/images/RJPD_342_QSM.nii.gz,processed/images/RJPD_342_NM.nii.gz,processed/labels/RJPD_342_label.nii.gz
RJPD_343,train,1,processed/images/RJPD_343_T1.nii.gz,processed/images/RJPD_343_QSM.nii.gz,processed/images/RJPD_343_NM.nii.gz,processed/labels/RJPD_343_label.nii.gz
RJPD_345,train,1,processed/images/RJPD_345_T1.nii.gz,processed/images/RJPD_345_QSM.nii.gz,processed/images/RJPD_345_NM.nii.gz,processed/labels/RJPD_345_label.nii.gz
RJPD_347,train,1,processed/images/RJPD_347_T1.nii.gz,processed/images/RJPD_347_QSM.nii.gz,processed/images/RJPD_347_NM.nii.gz,processed/labels/RJPD_347_label.nii.gz
RJPD_350,train,1,processed/images/RJPD_350_T1.nii.gz,processed/images/RJPD_350_QSM.nii.gz,processed/images/RJPD_350_NM.nii.gz,processed/labels/RJPD_350_label.nii.gz
RJPD_356,train,1,processed/images/RJPD_356_T1.nii.gz,processed/images/RJPD_356_QSM.nii.gz,processed/images/RJPD_356_NM.nii.gz,processed/labels/RJPD_356_label.nii.gz
RJPD_358,train,1,processed/images/RJPD_358_T1.nii.gz,processed/images/RJPD_358_QSM.nii.gz,processed/images/RJPD_358_NM.nii.gz,processed/labels/RJPD_358_label.nii.gz
RJPD_364,train,1,processed/images/RJPD_364_T1.nii.gz,processed/images/RJPD_364_QSM.nii.gz,processed/images/RJPD_364_NM.nii.gz,processed/labels/RJPD_364_label.nii.gz
RJPD_368,train,1,processed/images/RJPD_368_T1.nii.gz,processed/images/RJPD_368_QSM.nii.gz,processed/images/RJPD_368_NM.nii.gz,processed/labels/RJPD_368_label.nii.gz
RJPD_375,train,1,processed/images/RJPD_375_T1.nii.gz,processed/images/RJPD_375_QSM.nii.gz,processed/images/RJPD_375_NM.nii.gz,processed/labels/RJPD_375_label.nii.gz
RJPD_377,train,1,processed/images/RJPD_377_T1.nii.gz,processed/images/RJPD_377_QSM.nii.gz,processed/images/RJPD_377_NM.nii.gz,processed/labels/RJPD_377_label.nii.gz
RJPD_379,train,1,processed/images/RJPD_379_T1.nii.gz,processed/images/RJPD_379_QSM.nii.gz,processed/images/RJPD_379_NM.nii.gz,processed/labels/RJPD_379_label.nii.gz
RJPD_381,train,1,processed/images/RJPD_381_T1.nii.gz,processed/images/RJPD_381_QSM.nii.gz,processed/images/RJPD_381_NM.nii.gz,processed/labels/RJPD_381_label.nii.gz
RJPD_382,train,1,processed/images/RJPD_382_T1.nii.gz,processed/images/RJPD_382_QSM.nii.gz,processed/images/RJPD_382_NM.nii.gz,processed/labels/RJPD_382_label.nii.gz
RJPD_385,train,1,processed/images/RJPD_385_T1.nii.gz,processed/images/RJPD_385_QSM.nii.gz,processed/images/RJPD_385_NM.nii.gz,processed/labels/RJPD_385_label.nii.gz
RJPD_393,train,1,processed/images/RJPD_393_T1.nii.gz,processed/images/RJPD_393_QSM.nii.gz,processed/images/RJPD_393_NM.nii.gz,processed/labels/RJPD_393_label.nii.gz
RJPD_401,train,1,processed/images/RJPD_401_T1.nii.gz,processed/images/RJPD_401_QSM.nii.gz,processed/images/RJPD_401_NM.nii.gz,processed/labels/RJPD_401_label.nii.gz
RJPD_405,train,1,processed/images/RJPD_405_T1.nii.gz,processed/images/RJPD_405_QSM.nii.gz,processed/images/RJPD_405_NM.nii.gz,processed/labels/RJPD_405_label.nii.gz
RJPD_406,train,1,processed/images/RJPD_406_T1.nii.gz,processed/images/RJPD_406_QSM.nii.gz,processed/images/RJPD_406_NM.nii.gz,processed/labels/RJPD_406_label.nii.gz
RJPD_408,train,1,processed/images/RJPD_408_T1.nii.gz,processed/images/RJPD_408_QSM.nii.gz,processed/images/RJPD_408_NM.nii.gz,processed/labels/RJPD_408_label.nii.gz
RJPD_409,train,1,processed/images/RJPD_409_T1.nii.gz,processed/images/RJPD_409_QSM.nii.gz,processed/images/RJPD_409_NM.nii.gz,processed/labels/RJPD_409_label.nii.gz
RJPD_410,train,1,processed/images/RJPD_410_T1.nii.gz,processed/images/RJPD_410_QSM.nii.gz,processed/images/RJPD_410_NM.nii.gz,processed/labels/RJPD_410_label.nii.gz
RJPD_413,train,1,processed/images/RJPD_413_T1.nii.gz,processed/images/RJPD_413_QSM.nii.gz,processed/images/RJPD_413_NM.nii.gz,processed/labels/RJPD_413_label.nii.gz
RJPD_415,train,1,processed/images/RJPD_415_T1.nii.gz,processed/images/RJPD_415_QSM.nii.gz,processed/images/RJPD_415_NM.nii.gz,processed/labels/RJPD_415_label.nii.gz
RJPD_416,train,1,processed/images/RJPD_416_T1.nii.gz,processed/images/RJPD_416_QSM.nii.gz,processed/images/RJPD_416_NM.nii.gz,processed/labels/RJPD_416_label.nii.gz
RJPD_418,train,1,processed/images/RJPD_418_T1.nii.gz,processed/images/RJPD_418_QSM.nii.gz,processed/images/RJPD_418_NM.nii.gz,processed/labels/RJPD_418_label.nii.gz
RJPD_420,train,1,processed/images/RJPD_420_T1.nii.gz,processed/images/RJPD_420_QSM.nii.gz,processed/images/RJPD_420_NM.nii.gz,processed/labels/RJPD_420_label.nii.gz
RJPD_427,train,1,processed/images/RJPD_427_T1.nii.gz,processed/images/RJPD_427_QSM.nii.gz,processed/images/RJPD_427_NM.nii.gz,processed/labels/RJPD_427_label.nii.gz
RJPD_429,train,1,processed/images/RJPD_429_T1.nii.gz,processed/images/RJPD_429_QSM.nii.gz,processed/images/RJPD_429_NM.nii.gz,processed/labels/RJPD_429_label.nii.gz
RJPD_432,train,1,processed/images/RJPD_432_T1.nii.gz,processed/images/RJPD_432_QSM.nii.gz,processed/images/RJPD_432_NM.nii.gz,processed/labels/RJPD_432_label.nii.gz
RJPD_437,train,1,processed/images/RJPD_437_T1.nii.gz,processed/images/RJPD_437_QSM.nii.gz,processed/images/RJPD_437_NM.nii.gz,processed/labels/RJPD_437_label.nii.gz
RJPD_439,train,1,processed/images/RJPD_439_T1.nii.gz,processed/images/RJPD_439_QSM.nii.gz,processed/images/RJPD_439_NM.nii.gz,processed/labels/RJPD_439_label.nii.gz
RJPD_441,train,1,processed/images/RJPD_441_T1.nii.gz,processed/images/RJPD_441_QSM.nii.gz,processed/images/RJPD_441_NM.nii.gz,processed/labels/RJPD_441_label.nii.gz
RJPD_444,train,1,processed/images/RJPD_444_T1.nii.gz,processed/images/RJPD_444_QSM.nii.gz,processed/images/RJPD_444_NM.nii.gz,processed/labels/RJPD_444_label.nii.gz
RJPD_445,train,1,processed/images/RJPD_445_T1.nii.gz,processed/images/RJPD_445_QSM.nii.gz,processed/images/RJPD_445_NM.nii.gz,processed/labels/RJPD_445_label.nii.gz
RJPD_446,train,1,processed/images/RJPD_446_T1.nii.gz,processed/images/RJPD_446_QSM.nii.gz,processed/images/RJPD_446_NM.nii.gz,processed/labels/RJPD_446_label.nii.gz
RJPD_447,train,1,processed/images/RJPD_447_T1.nii.gz,processed/images/RJPD_447_QSM.nii.gz,processed/images/RJPD_447_NM.nii.gz,processed/labels/RJPD_447_label.nii.gz
RJPD_452,train,1,processed/images/RJPD_452_T1.nii.gz,processed/images/RJPD_452_QSM.nii.gz,processed/images/RJPD_452_NM.nii.gz,processed/labels/RJPD_452_label.nii.gz
RJPD_454,train,1,processed/images/RJPD_454_T1.nii.gz,processed/images/RJPD_454_QSM.nii.gz,processed/images/RJPD_454_NM.nii.gz,processed/labels/RJPD_454_label.nii.gz
RJPD_457,train,1,processed/images/RJPD_457_T1.nii.gz,processed/images/RJPD_457_QSM.nii.gz,processed/images/RJPD_457_NM.nii.gz,processed/labels/RJPD_457_label.nii.gz
RJPD_462,train,1,processed/images/RJPD_462_T1.nii.gz,processed/images/RJPD_462_QSM.nii.gz,processed/images/RJPD_462_NM.nii.gz,processed/labels/RJPD_462_label.nii.gz
RJPD_466,train,1,processed/images/RJPD_466_T1.nii.gz,processed/images/RJPD_466_QSM.nii.gz,processed/images/RJPD_466_NM.nii.gz,processed/labels/RJPD_466_label.nii.gz
RJPD_469,train,1,processed/images/RJPD_469_T1.nii.gz,processed/images/RJPD_469_QSM.nii.gz,processed/images/RJPD_469_NM.nii.gz,processed/labels/RJPD_469_label.nii.gz
RJPD_471,train,1,processed/images/RJPD_471_T1.nii.gz,processed/images/RJPD_471_QSM.nii.gz,processed/images/RJPD_471_NM.nii.gz,processed/labels/RJPD_471_label.nii.gz
RJPD_475,train,1,processed/images/RJPD_475_T1.nii.gz,processed/images/RJPD_475_QSM.nii.gz,processed/images/RJPD_475_NM.nii.gz,processed/labels/RJPD_475_label.nii.gz
RJPD_476,train,1,processed/images/RJPD_476_T1.nii.gz,processed/images/RJPD_476_QSM.nii.gz,processed/images/RJPD_476_NM.nii.gz,processed/labels/RJPD_476_label.nii.gz
RJPD_478,train,1,processed/images/RJPD_478_T1.nii.gz,processed/images/RJPD_478_QSM.nii.gz,processed/images/RJPD_478_NM.nii.gz,processed/labels/RJPD_478_label.nii.gz
RJPD_479,train,1,processed/images/RJPD_479_T1.nii.gz,processed/images/RJPD_479_QSM.nii.gz,processed/images/RJPD_479_NM.nii.gz,processed/labels/RJPD_479_label.nii.gz
RJPD_480,train,1,processed/images/RJPD_480_T1.nii.gz,processed/images/RJPD_480_QSM.nii.gz,processed/images/RJPD_480_NM.nii.gz,processed/labels/RJPD_480_label.nii.gz
RJPD_483,train,1,processed/images/RJPD_483_T1.nii.gz,processed/images/RJPD_483_QSM.nii.gz,processed/images/RJPD_483_NM.nii.gz,processed/labels/RJPD_483_label.nii.gz
RJPD_486,train,1,processed/images/RJPD_486_T1.nii.gz,processed/images/RJPD_486_QSM.nii.gz,processed/images/RJPD_486_NM.nii.gz,processed/labels/RJPD_486_label.nii.gz
RJPD_488,train,1,processed/images/RJPD_488_T1.nii.gz,processed/images/RJPD_488_QSM.nii.gz,processed/images/RJPD_488_NM.nii.gz,processed/labels/RJPD_488_label.nii.gz
RJPD_490,train,1,processed/images/RJPD_490_T1.nii.gz,processed/images/RJPD_490_QSM.nii.gz,processed/images/RJPD_490_NM.nii.gz,processed/labels/RJPD_490_label.nii.gz
RJPD_492,train,1,processed/images/RJPD_492_T1.nii.gz,processed/images/RJPD_492_QSM.nii.gz,processed/images/RJPD_492_NM.nii.gz,processed/labels/RJPD_492_label.nii.gz
RJPD_493,train,1,processed/images/RJPD_493_T1.nii.gz,processed/images/RJPD_493_QSM.nii.gz,processed/images/RJPD_493_NM.nii.gz,processed/labels/RJPD_493_label.nii.gz
RJPD_496,train,1,processed/images/RJPD_496_T1.nii.gz,processed/images/RJPD_496_QSM.nii.gz,processed/images/RJPD_496_NM.nii.gz,processed/labels/RJPD_496_label.nii.gz
